"","region","oktmo","year","index"
"1","Алтайский край",1,"2006",1
"2","Амурская область",10,"2006",1
"3","Архангельская область",11,"2006",1
"4","Астраханская область",12,"2006",1
"5","Белгородская область",14,"2006",1
"6","Брянская область",15,"2006",1
"7","Владимирская область",17,"2006",1
"8","Волгоградская область",18,"2006",1
"9","Вологодская область",19,"2006",1
"10","Воронежская область",20,"2006",1
"11","Город Москва столица Российской Федерации город федерального значения",45,"2006",1
"12","Город Санкт-Петербург город федерального значения",40,"2006",1
"13","Еврейская автономная область",99,"2006",1
"14","Забайкальский край",76,"2006",1
"15","Ивановская область",24,"2006",1
"16","Иркутская область",25,"2006",1
"17","Кабардино-Балкарская Республика",83,"2006",1
"18","Калининградская область",27,"2006",1
"19","Калужская область",29,"2006",1
"20","Камчатский край",30,"2006",1
"21","Карачаево-Черкесская Республика",91,"2006",1
"22","Кемеровская область - Кузбасс",32,"2006",1
"23","Кировская область",33,"2006",1
"24","Костромская область",34,"2006",1
"25","Краснодарский край",3,"2006",1
"26","Красноярский край",4,"2006",1
"27","Курганская область",37,"2006",1
"28","Курская область",38,"2006",1
"29","Ленинградская область",41,"2006",1
"30","Липецкая область",42,"2006",1
"31","Магаданская область",44,"2006",1
"32","Московская область",46,"2006",1
"33","Мурманская область",47,"2006",1
"34","Нижегородская область",22,"2006",1
"35","Новгородская область",49,"2006",1
"36","Новосибирская область",50,"2006",1
"37","Омская область",52,"2006",1
"38","Оренбургская область",53,"2006",1
"39","Орловская область",54,"2006",1
"40","Пензенская область",56,"2006",1
"41","Пермский край",57,"2006",1
"42","Приморский край",5,"2006",1
"43","Псковская область",58,"2006",1
"44","Республика Адыгея (Адыгея)",79,"2006",1
"45","Республика Алтай",84,"2006",1
"46","Республика Башкортостан",80,"2006",1
"47","Республика Бурятия",81,"2006",1
"48","Республика Дагестан",82,"2006",1
"49","Республика Ингушетия",26,"2006",1
"50","Республика Калмыкия",85,"2006",1
"51","Республика Карелия",86,"2006",1
"52","Республика Коми",87,"2006",1
"53","Республика Марий Эл",88,"2006",1
"54","Республика Мордовия",89,"2006",1
"55","Республика Саха (Якутия)",98,"2006",1
"56","Республика Северная Осетия-Алания",90,"2006",1
"57","Республика Татарстан (Татарстан)",92,"2006",1
"58","Республика Тыва",93,"2006",1
"59","Республика Хакасия",95,"2006",1
"60","Ростовская область",60,"2006",1
"61","Рязанская область",61,"2006",1
"62","Самарская область",36,"2006",1
"63","Саратовская область",63,"2006",1
"64","Сахалинская область",64,"2006",1
"65","Свердловская область",65,"2006",1
"66","Смоленская область",66,"2006",1
"67","Ставропольский край",7,"2006",1
"68","Тамбовская область",68,"2006",1
"69","Тверская область",28,"2006",1
"70","Томская область",69,"2006",1
"71","Тульская область",70,"2006",1
"72","Тюменская область",71,"2006",1
"73","Удмуртская Республика",94,"2006",1
"74","Ульяновская область",73,"2006",1
"75","Хабаровский край",8,"2006",1
"76","Челябинская область",75,"2006",1
"77","Чеченская Республика",96,"2006",1
"78","Чувашская Республика - Чувашия",97,"2006",1
"79","Чукотский автономный округ",77,"2006",1
"80","Ярославская область",78,"2006",1
"81","Алтайский край",1,"2007",1.121
"82","Амурская область",10,"2007",1.0958
"83","Архангельская область",11,"2007",1.1285
"84","Астраханская область",12,"2007",1.1431
"85","Белгородская область",14,"2007",1.1233
"86","Брянская область",15,"2007",1.1438
"87","Владимирская область",17,"2007",1.1332
"88","Волгоградская область",18,"2007",1.1167
"89","Вологодская область",19,"2007",1.1265
"90","Воронежская область",20,"2007",1.1421
"91","Город Москва столица Российской Федерации город федерального значения",45,"2007",1.1021
"92","Город Санкт-Петербург город федерального значения",40,"2007",1.1322
"93","Еврейская автономная область",99,"2007",1.1165
"94","Забайкальский край",76,"2007",1.1092
"95","Ивановская область",24,"2007",1.1477
"96","Иркутская область",25,"2007",1.1218
"97","Кабардино-Балкарская Республика",83,"2007",1.1223
"98","Калининградская область",27,"2007",1.1122
"99","Калужская область",29,"2007",1.1352
"100","Камчатский край",30,"2007",1.1006
"101","Карачаево-Черкесская Республика",91,"2007",1.1486
"102","Кемеровская область - Кузбасс",32,"2007",1.0984
"103","Кировская область",33,"2007",1.1278
"104","Костромская область",34,"2007",1.1306
"105","Краснодарский край",3,"2007",1.113
"106","Красноярский край",4,"2007",1.0916
"107","Курганская область",37,"2007",1.1226
"108","Курская область",38,"2007",1.1587
"109","Ленинградская область",41,"2007",1.1281
"110","Липецкая область",42,"2007",1.1357
"111","Магаданская область",44,"2007",1.133
"112","Московская область",46,"2007",1.133
"113","Мурманская область",47,"2007",1.1246
"114","Нижегородская область",22,"2007",1.1609
"115","Новгородская область",49,"2007",1.117
"116","Новосибирская область",50,"2007",1.1155
"117","Омская область",52,"2007",1.115
"118","Оренбургская область",53,"2007",1.1182
"119","Орловская область",54,"2007",1.1131
"120","Пензенская область",56,"2007",1.1391
"121","Пермский край",57,"2007",1.1636
"122","Приморский край",5,"2007",1.097
"123","Псковская область",58,"2007",1.1247
"124","Республика Адыгея (Адыгея)",79,"2007",1.1131
"125","Республика Алтай",84,"2007",1.1131
"126","Республика Башкортостан",80,"2007",1.1256
"127","Республика Бурятия",81,"2007",1.0919
"128","Республика Дагестан",82,"2007",1.1447
"129","Республика Ингушетия",26,"2007",1.0979
"130","Республика Калмыкия",85,"2007",1.1464
"131","Республика Карелия",86,"2007",1.1314
"132","Республика Коми",87,"2007",1.1227
"133","Республика Марий Эл",88,"2007",1.1325
"134","Республика Мордовия",89,"2007",1.123
"135","Республика Саха (Якутия)",98,"2007",1.0903
"136","Республика Северная Осетия-Алания",90,"2007",1.1184
"137","Республика Татарстан (Татарстан)",92,"2007",1.1164
"138","Республика Тыва",93,"2007",1.1082
"139","Республика Хакасия",95,"2007",1.1129
"140","Ростовская область",60,"2007",1.1226
"141","Рязанская область",61,"2007",1.1649
"142","Самарская область",36,"2007",1.1186
"143","Саратовская область",63,"2007",1.1176
"144","Сахалинская область",64,"2007",1.1181
"145","Свердловская область",65,"2007",1.1276
"146","Смоленская область",66,"2007",1.1442
"147","Ставропольский край",7,"2007",1.1247
"148","Тамбовская область",68,"2007",1.1244
"149","Тверская область",28,"2007",1.1271
"150","Томская область",69,"2007",1.1129
"151","Тульская область",70,"2007",1.1575
"152","Тюменская область",71,"2007",1.0889
"153","Удмуртская Республика",94,"2007",1.1388
"154","Ульяновская область",73,"2007",1.1377
"155","Хабаровский край",8,"2007",1.0979
"156","Челябинская область",75,"2007",1.1096
"157","Чеченская Республика",96,"2007",1.1504
"158","Чувашская Республика - Чувашия",97,"2007",1.1346
"159","Чукотский автономный округ",77,"2007",1.0748
"160","Ярославская область",78,"2007",1.1346
"161","Алтайский край",1,"2008",1.2832087
"162","Амурская область",10,"2008",1.24997906
"163","Архангельская область",11,"2008",1.2873928
"164","Астраханская область",12,"2008",1.29147438
"165","Белгородская область",14,"2008",1.2760688
"166","Брянская область",15,"2008",1.31903016
"167","Владимирская область",17,"2008",1.29275456
"168","Волгоградская область",18,"2008",1.26309937
"169","Вологодская область",19,"2008",1.28747685
"170","Воронежская область",20,"2008",1.30587714
"171","Город Москва столица Российской Федерации город федерального значения",45,"2008",1.2376583
"172","Город Санкт-Петербург город федерального значения",40,"2008",1.29557646
"173","Еврейская автономная область",99,"2008",1.28386335
"174","Забайкальский край",76,"2008",1.2489592
"175","Ивановская область",24,"2008",1.31480512
"176","Иркутская область",25,"2008",1.28849948
"177","Кабардино-Балкарская Республика",83,"2008",1.30242915
"178","Калининградская область",27,"2008",1.28169928
"179","Калужская область",29,"2008",1.30423128
"180","Камчатский край",30,"2008",1.26326868
"181","Карачаево-Черкесская Республика",91,"2008",1.3145727
"182","Кемеровская область - Кузбасс",32,"2008",1.2324048
"183","Кировская область",33,"2008",1.28806038
"184","Костромская область",34,"2008",1.28108286
"185","Краснодарский край",3,"2008",1.2585804
"186","Красноярский край",4,"2008",1.22062712
"187","Курганская область",37,"2008",1.28515248
"188","Курская область",38,"2008",1.36100902
"189","Ленинградская область",41,"2008",1.29652533
"190","Липецкая область",42,"2008",1.31729843
"191","Магаданская область",44,"2008",1.3512158
"192","Московская область",46,"2008",1.266694
"193","Мурманская область",47,"2008",1.2826063
"194","Нижегородская область",22,"2008",1.33874988
"195","Новгородская область",49,"2008",1.2736034
"196","Новосибирская область",50,"2008",1.26129585
"197","Омская область",52,"2008",1.25103
"198","Оренбургская область",53,"2008",1.25842228
"199","Орловская область",54,"2008",1.27238461
"200","Пензенская область",56,"2008",1.31247102
"201","Пермский край",57,"2008",1.34209624
"202","Приморский край",5,"2008",1.2449853
"203","Псковская область",58,"2008",1.27034865
"204","Республика Адыгея (Адыгея)",79,"2008",1.28084417
"205","Республика Алтай",84,"2008",1.24422318
"206","Республика Башкортостан",80,"2008",1.26539952
"207","Республика Бурятия",81,"2008",1.22958859
"208","Республика Дагестан",82,"2008",1.32396002
"209","Республика Ингушетия",26,"2008",1.28300594
"210","Республика Калмыкия",85,"2008",1.33119968
"211","Республика Карелия",86,"2008",1.2750878
"212","Республика Коми",87,"2008",1.27718352
"213","Республика Марий Эл",88,"2008",1.29003075
"214","Республика Мордовия",89,"2008",1.2842628
"215","Республика Саха (Якутия)",98,"2008",1.22604235
"216","Республика Северная Осетия-Алания",90,"2008",1.277772
"217","Республика Татарстан (Татарстан)",92,"2008",1.24802356
"218","Республика Тыва",93,"2008",1.27243524
"219","Республика Хакасия",95,"2008",1.25746571
"220","Ростовская область",60,"2008",1.2842544
"221","Рязанская область",61,"2008",1.34476056
"222","Самарская область",36,"2008",1.26055034
"223","Саратовская область",63,"2008",1.2478004
"224","Сахалинская область",64,"2008",1.26434748
"225","Свердловская область",65,"2008",1.2944848
"226","Смоленская область",66,"2008",1.33619676
"227","Ставропольский край",7,"2008",1.29419229
"228","Тамбовская область",68,"2008",1.29497148
"229","Тверская область",28,"2008",1.2758772
"230","Томская область",69,"2008",1.25112218
"231","Тульская область",70,"2008",1.347793
"232","Тюменская область",71,"2008",1.21238126
"233","Удмуртская Республика",94,"2008",1.2948156
"234","Ульяновская область",73,"2008",1.2981157
"235","Хабаровский край",8,"2008",1.25237453
"236","Челябинская область",75,"2008",1.25118496
"237","Чеченская Республика",96,"2008",1.38646208
"238","Чувашская Республика - Чувашия",97,"2008",1.29616704
"239","Чукотский автономный округ",77,"2008",1.18099024
"240","Ярославская область",78,"2008",1.30274772
"241","Алтайский край",1,"2009",1.41332606218
"242","Амурская область",10,"2009",1.370477041384
"243","Архангельская область",11,"2009",1.39785110224
"244","Астраханская область",12,"2009",1.408094516514
"245","Белгородская область",14,"2009",1.39014935072
"246","Брянская область",15,"2009",1.45884735696
"247","Владимирская область",17,"2009",1.40393145216
"248","Волгоградская область",18,"2009",1.373620564875
"249","Вологодская область",19,"2009",1.38069017394
"250","Воронежская область",20,"2009",1.447956572832
"251","Город Москва столица Российской Федерации город федерального значения",45,"2009",1.35907257923
"252","Город Санкт-Петербург город федерального значения",40,"2009",1.405182228516
"253","Еврейская автономная область",99,"2009",1.44075145137
"254","Забайкальский край",76,"2009",1.39121565288
"255","Ивановская область",24,"2009",1.430113529024
"256","Иркутская область",25,"2009",1.392094838192
"257","Кабардино-Балкарская Республика",83,"2009",1.43371400832
"258","Калининградская область",27,"2009",1.384363392328
"259","Калужская область",29,"2009",1.437002024304
"260","Камчатский край",30,"2009",1.39780679442
"261","Карачаево-Черкесская Республика",91,"2009",1.4473445427
"262","Кемеровская область - Кузбасс",32,"2009",1.32693024816
"263","Кировская область",33,"2009",1.397931930414
"264","Костромская область",34,"2009",1.393946259966
"265","Краснодарский край",3,"2009",1.38179542116
"266","Красноярский край",4,"2009",1.314859533664
"267","Курганская область",37,"2009",1.407627511344
"268","Курская область",38,"2009",1.50867849867
"269","Ленинградская область",41,"2009",1.427085430731
"270","Липецкая область",42,"2009",1.432298582939
"271","Магаданская область",44,"2009",1.53268408194
"272","Московская область",46,"2009",1.4043836378
"273","Мурманская область",47,"2009",1.41881908906
"274","Нижегородская область",22,"2009",1.450803244956
"275","Новгородская область",49,"2009",1.37893040118
"276","Новосибирская область",50,"2009",1.364343720945
"277","Омская область",52,"2009",1.341354366
"278","Оренбургская область",53,"2009",1.355446637788
"279","Орловская область",54,"2009",1.381427971077
"280","Пензенская область",56,"2009",1.419699902334
"281","Пермский край",57,"2009",1.461274386112
"282","Приморский край",5,"2009",1.36263641085
"283","Псковская область",58,"2009",1.37553351822
"284","Республика Адыгея (Адыгея)",79,"2009",1.390100177701
"285","Республика Алтай",84,"2009",1.38357617616
"286","Республика Башкортостан",80,"2009",1.37042768016
"287","Республика Бурятия",81,"2009",1.327709759482
"288","Республика Дагестан",82,"2009",1.48151126238
"289","Республика Ингушетия",26,"2009",1.4369666528
"290","Республика Калмыкия",85,"2009",1.426646697056
"291","Республика Карелия",86,"2009",1.40221405366
"292","Республика Коми",87,"2009",1.387149021072
"293","Республика Марий Эл",88,"2009",1.399554360675
"294","Республика Мордовия",89,"2009",1.4004885834
"295","Республика Саха (Якутия)",98,"2009",1.325964801525
"296","Республика Северная Осетия-Алания",90,"2009",1.3845937392
"297","Республика Татарстан (Татарстан)",92,"2009",1.341126117576
"298","Республика Тыва",93,"2009",1.374484546248
"299","Республика Хакасия",95,"2009",1.396038431242
"300","Ростовская область",60,"2009",1.40869865136
"301","Рязанская область",61,"2009",1.456913590704
"302","Самарская область",36,"2009",1.36202464237
"303","Саратовская область",63,"2009",1.3532395338
"304","Сахалинская область",64,"2009",1.399506225612
"305","Свердловская область",65,"2009",1.40982339568
"306","Смоленская область",66,"2009",1.470083675352
"307","Ставропольский край",7,"2009",1.411187273016
"308","Тамбовская область",68,"2009",1.399734672732
"309","Тверская область",28,"2009",1.38228535848
"310","Томская область",69,"2009",1.36184649293
"311","Тульская область",70,"2009",1.4756985557
"312","Тюменская область",71,"2009",1.31846462025
"313","Удмуртская Республика",94,"2009",1.41950634228
"314","Ульяновская область",73,"2009",1.39612343535
"315","Хабаровский край",8,"2009",1.370723923085
"316","Челябинская область",75,"2009",1.358536629568
"317","Чеченская Республика",96,"2009",1.553669406848
"318","Чувашская Республика - Чувашия",97,"2009",1.377307096704
"319","Чукотский автономный округ",77,"2009",1.384356759328
"320","Ярославская область",78,"2009",1.426899577716
"321","Алтайский край",1,"2010",1.52921879927876
"322","Амурская область",10,"2010",1.49916483556996
"323","Архангельская область",11,"2010",1.52882975051989
"324","Астраханская область",12,"2010",1.54566535077742
"325","Белгородская область",14,"2010",1.51567983709002
"326","Брянская область",15,"2010",1.61348517679776
"327","Владимирская область",17,"2010",1.5416571276169
"328","Волгоградская область",18,"2010",1.50411451853812
"329","Вологодская область",19,"2010",1.50702332485551
"330","Воронежская область",20,"2010",1.56205555077116
"331","Город Москва столица Российской Федерации город федерального значения",45,"2010",1.4831559057137
"332","Город Санкт-Петербург город федерального значения",40,"2010",1.53769091266506
"333","Еврейская автономная область",99,"2010",1.57791098954042
"334","Забайкальский край",76,"2010",1.51572945381276
"335","Ивановская область",24,"2010",1.60415834550622
"336","Иркутская область",25,"2010",1.52378700988496
"337","Кабардино-Балкарская Республика",83,"2010",1.59658391966515
"338","Калининградская область",27,"2010",1.49483559103577
"339","Калужская область",29,"2010",1.55885979596498
"340","Камчатский край",30,"2010",1.54038308745084
"341","Карачаево-Черкесская Республика",91,"2010",1.61639438528736
"342","Кемеровская область - Кузбасс",32,"2010",1.43202312381427
"343","Кировская область",33,"2010",1.55016671763608
"344","Костромская область",34,"2010",1.54518942917231
"345","Краснодарский край",3,"2010",1.49966257058495
"346","Красноярский край",4,"2010",1.41873343682346
"347","Курганская область",37,"2010",1.54951636448748
"348","Курская область",38,"2010",1.65170122034392
"349","Ленинградская область",41,"2010",1.58477837082678
"350","Липецкая область",42,"2010",1.54788507858218
"351","Магаданская область",44,"2010",1.66357530253768
"352","Московская область",46,"2010",1.5160321370051
"353","Мурманская область",47,"2010",1.54112129453697
"354","Нижегородская область",22,"2010",1.59443276620664
"355","Новгородская область",49,"2010",1.5068951424095
"356","Новосибирская область",50,"2010",1.44838729415521
"357","Омская область",52,"2010",1.4555036225466
"358","Оренбургская область",53,"2010",1.47987663913694
"359","Орловская область",54,"2010",1.50548020287971
"360","Пензенская область",56,"2010",1.55925640273343
"361","Пермский край",57,"2010",1.61076275581126
"362","Приморский край",5,"2010",1.45774843232733
"363","Псковская область",58,"2010",1.49396695413874
"364","Республика Адыгея (Адыгея)",79,"2010",1.53022227561326
"365","Республика Алтай",84,"2010",1.50270208492738
"366","Республика Башкортостан",80,"2010",1.50253690852742
"367","Республика Бурятия",81,"2010",1.4527800188252
"368","Республика Дагестан",82,"2010",1.68729317672458
"369","Республика Ингушетия",26,"2010",1.52419052862496
"370","Республика Калмыкия",85,"2010",1.60583352220623
"371","Республика Карелия",86,"2010",1.54089302356697
"372","Республика Коми",87,"2010",1.49964680668094
"373","Республика Марий Эл",88,"2010",1.56008324584442
"374","Республика Мордовия",89,"2010",1.5328347545313
"375","Республика Саха (Якутия)",98,"2010",1.40512490017604
"376","Республика Северная Осетия-Алания",90,"2010",1.5320529724248
"377","Республика Татарстан (Татарстан)",92,"2010",1.45163490966426
"378","Республика Тыва",93,"2010",1.48870421204121
"379","Республика Хакасия",95,"2010",1.51274724409383
"380","Ростовская область",60,"2010",1.5409754547227
"381","Рязанская область",61,"2010",1.60041957938834
"382","Самарская область",36,"2010",1.46867117186757
"383","Саратовская область",63,"2010",1.46840021812638
"384","Сахалинская область",64,"2010",1.53959679879576
"385","Свердловская область",65,"2010",1.5503827882293
"386","Смоленская область",66,"2010",1.63061681270044
"387","Ставропольский край",7,"2010",1.55301159395411
"388","Тамбовская область",68,"2010",1.51339312815784
"389","Тверская область",28,"2010",1.51581412410917
"390","Томская область",69,"2010",1.46875144262501
"391","Тульская область",70,"2010",1.62415383040342
"392","Тюменская область",71,"2010",1.4297430341991
"393","Удмуртская Республика",94,"2010",1.57480033612543
"394","Ульяновская область",73,"2010",1.54369368246649
"395","Хабаровский край",8,"2010",1.48216377803181
"396","Челябинская область",75,"2010",1.48949956065836
"397","Чеченская Республика",96,"2010",1.74104193731387
"398","Чувашская Республика - Чувашия",97,"2010",1.51283411501967
"399","Чукотский автономный округ",77,"2010",1.40373775395859
"400","Ярославская область",78,"2010",1.57643865346064
"401","Алтайский край",1,"2011",1.60277422352407
"402","Амурская область",10,"2011",1.61340119604039
"403","Архангельская область",11,"2011",1.61092790812281
"404","Астраханская область",12,"2011",1.62557624941261
"405","Белгородская область",14,"2011",1.59919379611368
"406","Брянская область",15,"2011",1.70755136260507
"407","Владимирская область",17,"2011",1.63014824674211
"408","Волгоградская область",18,"2011",1.58383258802065
"409","Вологодская область",19,"2011",1.59337576136973
"410","Воронежская область",20,"2011",1.62641223946293
"411","Город Москва столица Российской Федерации город федерального значения",45,"2011",1.5779295680888
"412","Город Санкт-Петербург город федерального значения",40,"2011",1.62764583105596
"413","Еврейская автономная область",99,"2011",1.71787169431266
"414","Забайкальский край",76,"2011",1.6344110700463
"415","Ивановская область",24,"2011",1.70682447961862
"416","Иркутская область",25,"2011",1.63609011251349
"417","Кабардино-Балкарская Республика",83,"2011",1.70419367585058
"418","Калининградская область",27,"2011",1.58034018684302
"419","Калужская область",29,"2011",1.6648622620906
"420","Камчатский край",30,"2011",1.62972530652299
"421","Карачаево-Черкесская Республика",91,"2011",1.6993154172526
"422","Кемеровская область - Кузбасс",32,"2011",1.52467501992506
"423","Кировская область",33,"2011",1.65371785437417
"424","Костромская область",34,"2011",1.63280166980638
"425","Краснодарский край",3,"2011",1.59834036772944
"426","Красноярский край",4,"2011",1.50555992315705
"427","Курганская область",37,"2011",1.6579825100016
"428","Курская область",38,"2011",1.74304029782893
"429","Ленинградская область",41,"2011",1.68557027521136
"430","Липецкая область",42,"2011",1.62110004279911
"431","Магаданская область",44,"2011",1.81695694543165
"432","Московская область",46,"2011",1.6045684138062
"433","Мурманская область",47,"2011",1.63374268433864
"434","Нижегородская область",22,"2011",1.70094087498925
"435","Новгородская область",49,"2011",1.58043162535909
"436","Новосибирская область",50,"2011",1.53833214512225
"437","Омская область",52,"2011",1.52813325331168
"438","Оренбургская область",53,"2011",1.56393363223992
"439","Орловская область",54,"2011",1.59219586256559
"440","Пензенская область",56,"2011",1.64641883564623
"441","Пермский край",57,"2011",1.71803955534829
"442","Приморский край",5,"2011",1.5390907948512
"443","Псковская область",58,"2011",1.57792789696134
"444","Республика Адыгея (Адыгея)",79,"2011",1.62448396779104
"445","Республика Алтай",84,"2011",1.59857447794574
"446","Республика Башкортостан",80,"2011",1.59794800221892
"447","Республика Бурятия",81,"2011",1.56130268623145
"448","Республика Дагестан",82,"2011",1.79612358662332
"449","Республика Ингушетия",26,"2011",1.58210976871271
"450","Республика Калмыкия",85,"2011",1.72097178574842
"451","Республика Карелия",86,"2011",1.62225217521131
"452","Республика Коми",87,"2011",1.59442448486317
"453","Республика Марий Эл",88,"2011",1.65337622394592
"454","Республика Мордовия",89,"2011",1.61162246091421
"455","Республика Саха (Якутия)",98,"2011",1.50334313069835
"456","Республика Северная Осетия-Алания",90,"2011",1.61723511769162
"457","Республика Татарстан (Татарстан)",92,"2011",1.53728136933445
"458","Республика Тыва",93,"2011",1.5969330082566
"459","Республика Хакасия",95,"2011",1.62756475992055
"460","Ростовская область",60,"2011",1.63512905500626
"461","Рязанская область",61,"2011",1.69356399890875
"462","Самарская область",36,"2011",1.55223856154684
"463","Саратовская область",63,"2011",1.54681278977433
"464","Сахалинская область",64,"2011",1.63751515519917
"465","Свердловская область",65,"2011",1.65022743979126
"466","Смоленская область",66,"2011",1.73546547375708
"467","Ставропольский край",7,"2011",1.61513205771227
"468","Тамбовская область",68,"2011",1.59693242883215
"469","Тверская область",28,"2011",1.59569752844972
"470","Томская область",69,"2011",1.55849215576939
"471","Тульская область",70,"2011",1.71591852182121
"472","Тюменская область",71,"2011",1.50037234008854
"473","Удмуртская Республика",94,"2011",1.68062691871306
"474","Ульяновская область",73,"2011",1.64650368171876
"475","Хабаровский край",8,"2011",1.59955114925193
"476","Челябинская область",75,"2011",1.61238327441267
"477","Чеченская Республика",96,"2011",1.87388343713092
"478","Чувашская Республика - Чувашия",97,"2011",1.60587341309338
"479","Чукотский автономный округ",77,"2011",1.48010108777394
"480","Ярославская область",78,"2011",1.67102497266827
"481","Алтайский край",1,"2012",1.71769313535074
"482","Амурская область",10,"2012",1.72908206179648
"483","Архангельская область",11,"2012",1.70613374749286
"484","Астраханская область",12,"2012",1.72506151587666
"485","Белгородская область",14,"2012",1.69898348899117
"486","Брянская область",15,"2012",1.83595922507297
"487","Владимирская область",17,"2012",1.74002023857252
"488","Волгоградская область",18,"2012",1.68836553883001
"489","Вологодская область",19,"2012",1.68913764462805
"490","Воронежская область",20,"2012",1.74481505049584
"491","Город Москва столица Российской Федерации город федерального значения",45,"2012",1.69264504768886
"492","Город Санкт-Петербург город федерального значения",40,"2012",1.72725775591659
"493","Еврейская автономная область",99,"2012",1.82884620576526
"494","Забайкальский край",76,"2012",1.72544776664788
"495","Ивановская область",24,"2012",1.82852106501543
"496","Иркутская область",25,"2012",1.74914393928817
"497","Кабардино-Балкарская Республика",83,"2012",1.85331062248751
"498","Калининградская область",27,"2012",1.66947137338097
"499","Калужская область",29,"2012",1.79155828023569
"500","Камчатский край",30,"2012",1.72082695115762
"501","Карачаево-Черкесская Республика",91,"2012",1.80535269928916
"502","Кемеровская область - Кузбасс",32,"2012",1.63933058142342
"503","Кировская область",33,"2012",1.76716289918424
"504","Костромская область",34,"2012",1.75444539420696
"505","Краснодарский край",3,"2012",1.70510950429376
"506","Красноярский край",4,"2012",1.60823910991636
"507","Курганская область",37,"2012",1.77934682973372
"508","Курская область",38,"2012",1.84396233107323
"509","Ленинградская область",41,"2012",1.79563801418266
"510","Липецкая область",42,"2012",1.72809264562386
"511","Магаданская область",44,"2012",1.97412372121149
"512","Московская область",46,"2012",1.69426378813796
"513","Мурманская область",47,"2012",1.72457877758787
"514","Нижегородская область",22,"2012",1.81745532492601
"515","Новгородская область",49,"2012",1.68616250109561
"516","Новосибирская область",50,"2012",1.6207867481008
"517","Омская область",52,"2012",1.63326882113952
"518","Оренбургская область",53,"2012",1.66308702452393
"519","Орловская область",54,"2012",1.70110205956507
"520","Пензенская область",56,"2012",1.74207576999728
"521","Пермский край",57,"2012",1.84345644288871
"522","Приморский край",5,"2012",1.63174406070124
"523","Псковская область",58,"2012",1.69343221901891
"524","Республика Адыгея (Адыгея)",79,"2012",1.73088766768135
"525","Республика Алтай",84,"2012",1.71063454884974
"526","Республика Башкортостан",80,"2012",1.69765995755738
"527","Республика Бурятия",81,"2012",1.66809578996968
"528","Республика Дагестан",82,"2012",1.92885711967478
"529","Республика Ингушетия",26,"2012",1.66501232059325
"530","Республика Калмыкия",85,"2012",1.85193773864388
"531","Республика Карелия",86,"2012",1.72137178311672
"532","Республика Коми",87,"2012",1.68929274171253
"533","Республика Марий Эл",88,"2012",1.75671223794254
"534","Республика Мордовия",89,"2012",1.70896445755343
"535","Республика Саха (Якутия)",98,"2012",1.58437332544299
"536","Республика Северная Осетия-Алания",90,"2012",1.71992954766504
"537","Республика Татарстан (Татарстан)",92,"2012",1.63628228951959
"538","Республика Тыва",93,"2012",1.71590451737172
"539","Республика Хакасия",95,"2012",1.7248931325638
"540","Ростовская область",60,"2012",1.74419216297518
"541","Рязанская область",61,"2012",1.81279090443192
"542","Самарская область",36,"2012",1.64242362197271
"543","Саратовская область",63,"2012",1.63915751332386
"544","Сахалинская область",64,"2012",1.73494730693352
"545","Свердловская область",65,"2012",1.77085906564
"546","Смоленская область",66,"2012",1.84809718300391
"547","Ставропольский край",7,"2012",1.71203998117501
"548","Тамбовская область",68,"2012",1.70903708533617
"549","Тверская область",28,"2012",1.70244969310301
"550","Томская область",69,"2012",1.6733530276496
"551","Тульская область",70,"2012",1.84152375761853
"552","Тюменская область",71,"2012",1.58259274432539
"553","Удмуртская Республика",94,"2012",1.80146399416853
"554","Ульяновская область",73,"2012",1.75319712029414
"555","Хабаровский край",8,"2012",1.68624682154138
"556","Челябинская область",75,"2012",1.71444713568299
"557","Чеченская Республика",96,"2012",1.98800293845219
"558","Чувашская Республика - Чувашия",97,"2012",1.69965642041804
"559","Чукотский автономный округ",77,"2012",1.5687591429316
"560","Ярославская область",78,"2012",1.80153202303367
"561","Алтайский край",1,"2013",1.8384469627659
"562","Амурская область",10,"2013",1.86204847234863
"563","Архангельская область",11,"2013",1.81976225507589
"564","Астраханская область",12,"2013",1.83460292213483
"565","Белгородская область",14,"2013",1.80500005870422
"566","Брянская область",15,"2013",1.96723030966569
"567","Владимирская область",17,"2013",1.87052175646546
"568","Волгоградская область",18,"2013",1.77919960481906
"569","Вологодская область",19,"2013",1.81092446880573
"570","Воронежская область",20,"2013",1.86834795607094
"571","Город Москва столица Российской Федерации город федерального значения",45,"2013",1.79775830515034
"572","Город Санкт-Петербург город федерального значения",40,"2013",1.84281129978741
"573","Еврейская автономная область",99,"2013",1.98466390249646
"574","Забайкальский край",76,"2013",1.86831484172632
"575","Ивановская область",24,"2013",1.96346591961356
"576","Иркутская область",25,"2013",1.83835028019186
"577","Кабардино-Балкарская Республика",83,"2013",1.99212358811182
"578","Калининградская область",27,"2013",1.78583352810562
"579","Калужская область",29,"2013",1.9277167095336
"580","Камчатский край",30,"2013",1.82872280099521
"581","Карачаево-Черкесская Республика",91,"2013",1.93949040484635
"582","Кемеровская область - Кузбасс",32,"2013",1.74965752955322
"583","Кировская область",33,"2013",1.89634250711461
"584","Костромская область",34,"2013",1.88480068699653
"585","Краснодарский край",3,"2013",1.82787738860292
"586","Красноярский край",4,"2013",1.68543458719235
"587","Курганская область",37,"2013",1.88397242332206
"588","Курская область",38,"2013",1.95238731614034
"589","Ленинградская область",41,"2013",1.90283760362937
"590","Липецкая область",42,"2013",1.83609843597535
"591","Магаданская область",44,"2013",2.15199226849264
"592","Московская область",46,"2013",1.81913102932373
"593","Мурманская область",47,"2013",1.8370213138866
"594","Нижегородская область",22,"2013",1.94285974234591
"595","Новгородская область",49,"2013",1.79930400491913
"596","Новосибирская область",50,"2013",1.7139819861166
"597","Омская область",52,"2013",1.73338819987537
"598","Оренбургская область",53,"2013",1.76353748080517
"599","Орловская область",54,"2013",1.8273238323848
"600","Пензенская область",56,"2013",1.84973605258311
"601","Пермский край",57,"2013",1.96328111167648
"602","Приморский край",5,"2013",1.73372806449506
"603","Псковская область",58,"2013",1.81603671167588
"604","Республика Адыгея (Адыгея)",79,"2013",1.85014582798459
"605","Республика Алтай",84,"2013",1.82062835034078
"606","Республика Башкортостан",80,"2013",1.79901025702355
"607","Республика Бурятия",81,"2013",1.79286935505941
"608","Республика Дагестан",82,"2013",2.0135339472285
"609","Республика Ингушетия",26,"2013",1.73977137378789
"610","Республика Калмыкия",85,"2013",1.99657407603196
"611","Республика Карелия",86,"2013",1.83240026312775
"612","Республика Коми",87,"2013",1.80061713339139
"613","Республика Марий Эл",88,"2013",1.87160121830398
"614","Республика Мордовия",89,"2013",1.81611652904203
"615","Республика Саха (Якутия)",98,"2013",1.67911885030448
"616","Республика Северная Осетия-Алания",90,"2013",1.82415727825354
"617","Республика Татарстан (Татарстан)",92,"2013",1.74002258667514
"618","Республика Тыва",93,"2013",1.80873495176153
"619","Республика Хакасия",95,"2013",1.81786487240899
"620","Ростовская область",60,"2013",1.85861116886635
"621","Рязанская область",61,"2013",1.95908313041958
"622","Самарская область",36,"2013",1.73439934480318
"623","Саратовская область",63,"2013",1.74045744764727
"624","Сахалинская область",64,"2013",1.8478923766149
"625","Свердловская область",65,"2013",1.89393377070198
"626","Смоленская область",66,"2013",1.96212477919525
"627","Ставропольский край",7,"2013",1.82708906790997
"628","Тамбовская область",68,"2013",1.83140414064624
"629","Тверская область",28,"2013",1.82502607100642
"630","Томская область",69,"2013",1.78379432747447
"631","Тульская область",70,"2013",1.97485007767011
"632","Тюменская область",71,"2013",1.67659875333831
"633","Удмуртская Республика",94,"2013",1.91891944658832
"634","Ульяновская область",73,"2013",1.86487577685688
"635","Хабаровский край",8,"2013",1.79315487002711
"636","Челябинская область",75,"2013",1.8063415021556
"637","Чеченская Республика",96,"2013",2.11125912063623
"638","Чувашская Республика - Чувашия",97,"2013",1.8072446718305
"639","Чукотский автономный округ",77,"2013",1.65096212202121
"640","Ярославская область",78,"2013",1.92835987745524
"641","Алтайский край",1,"2014",2.04435302259568
"642","Амурская область",10,"2014",2.05793597163971
"643","Архангельская область",11,"2014",2.05560344333372
"644","Астраханская область",12,"2014",2.03053851421883
"645","Белгородская область",14,"2014",1.99506656488577
"646","Брянская область",15,"2014",2.22926538691316
"647","Владимирская область",17,"2014",2.11930115007537
"648","Волгоградская область",18,"2014",1.99252563743687
"649","Вологодская область",19,"2014",2.0284164975093
"650","Воронежская область",20,"2014",2.09161553682142
"651","Город Москва столица Российской Федерации город федерального значения",45,"2014",2.00719714770035
"652","Город Санкт-Петербург город федерального значения",40,"2014",2.08753664039918
"653","Еврейская автономная область",99,"2014",2.21865577660079
"654","Забайкальский край",76,"2014",2.07756610399967
"655","Ивановская область",24,"2014",2.20379414817426
"656","Иркутская область",25,"2014",2.03670827542457
"657","Кабардино-Балкарская Республика",83,"2014",2.16065724366608
"658","Калининградская область",27,"2014",2.0644235584901
"659","Калужская область",29,"2014",2.18178977185013
"660","Камчатский край",30,"2014",1.97172892403303
"661","Карачаево-Черкесская Республика",91,"2014",2.14139135599085
"662","Кемеровская область - Кузбасс",32,"2014",1.958041741323
"663","Кировская область",33,"2014",2.10494018289722
"664","Костромская область",34,"2014",2.09118636222265
"665","Краснодарский край",3,"2014",2.05124400549019
"666","Красноярский край",4,"2014",1.84487669914074
"667","Курганская область",37,"2014",2.11042590860537
"668","Курская область",38,"2014",2.16597848852609
"669","Ленинградская область",41,"2014",2.12223477932783
"670","Липецкая область",42,"2014",2.05459414985641
"671","Магаданская область",44,"2014",2.32027806388877
"672","Московская область",46,"2014",2.04106501490123
"673","Мурманская область",47,"2014",2.02605080708553
"674","Нижегородская область",22,"2014",2.16395718102487
"675","Новгородская область",49,"2014",1.99722744546023
"676","Новосибирская область",50,"2014",1.88932234329633
"677","Омская область",52,"2014",1.93116779348115
"678","Оренбургская область",53,"2014",1.95576306621294
"679","Орловская область",54,"2014",2.05921122671443
"680","Пензенская область",56,"2014",2.05098733510415
"681","Пермский край",57,"2014",2.1682476597355
"682","Приморский край",5,"2014",1.94160205942802
"683","Псковская область",58,"2014",2.03396111707698
"684","Республика Адыгея (Адыгея)",79,"2014",2.06161749612323
"685","Республика Алтай",84,"2014",2.00524006506533
"686","Республика Башкортостан",80,"2014",1.99995970273308
"687","Республика Бурятия",81,"2014",2.00514508669844
"688","Республика Дагестан",82,"2014",2.22515636508222
"689","Республика Ингушетия",26,"2014",1.88104080933947
"690","Республика Калмыкия",85,"2014",2.2173951688411
"691","Республика Карелия",86,"2014",2.03213189180867
"692","Республика Коми",87,"2014",1.99742458607107
"693","Республика Марий Эл",88,"2014",2.08795831913992
"694","Республика Мордовия",89,"2014",2.026604434758
"695","Республика Саха (Якутия)",98,"2014",1.85173226811578
"696","Республика Северная Осетия-Алания",90,"2014",2.01076856781888
"697","Республика Татарстан (Татарстан)",92,"2014",1.90845677306529
"698","Республика Тыва",93,"2014",1.9803838986837
"699","Республика Хакасия",95,"2014",2.00801353806297
"700","Ростовская область",60,"2014",2.07792728679258
"701","Рязанская область",61,"2014",2.22297162808709
"702","Самарская область",36,"2014",1.93871158762099
"703","Саратовская область",63,"2014",1.93068944667512
"704","Сахалинская область",64,"2014",2.00644154252845
"705","Свердловская область",65,"2014",2.09450135701932
"706","Смоленская область",66,"2014",2.23976543545138
"707","Ставропольский край",7,"2014",1.98440143665702
"708","Тамбовская область",68,"2014",2.05410288414882
"709","Тверская область",28,"2014",2.0737771244846
"710","Томская область",69,"2014",1.97466032051424
"711","Тульская область",70,"2014",2.2191390322779
"712","Тюменская область",71,"2014",1.82179220537741
"713","Удмуртская Республика",94,"2014",2.10275192957148
"714","Ульяновская область",73,"2014",2.07784459057393
"715","Хабаровский край",8,"2014",2.00385056725529
"716","Челябинская область",75,"2014",1.98444677426814
"717","Чеченская Республика",96,"2014",2.3464533866751
"718","Чувашская Республика - Чувашия",97,"2014",2.00495723892875
"719","Чукотский автономный округ",77,"2014",1.71683551068986
"720","Ярославская область",78,"2014",2.1883027889362
"721","Алтайский край",1,"2015",2.29723949149077
"722","Амурская область",10,"2015",2.32094018881526
"723","Архангельская область",11,"2015",2.32344857200011
"724","Астраханская область",12,"2015",2.28658942086182
"725","Белгородская область",14,"2015",2.22210513996977
"726","Брянская область",15,"2015",2.52241378529224
"727","Владимирская область",17,"2015",2.38336607337476
"728","Волгоградская область",18,"2015",2.2549412638873
"729","Вологодская область",19,"2015",2.27202931886017
"730","Воронежская область",20,"2015",2.37586608827545
"731","Город Москва столица Российской Федерации город федерального значения",45,"2015",2.29141626381472
"732","Город Санкт-Петербург город федерального значения",40,"2015",2.36267396960379
"733","Еврейская автономная область",99,"2015",2.46381723991518
"734","Забайкальский край",76,"2015",2.37361927381962
"735","Ивановская область",24,"2015",2.50725660237786
"736","Иркутская область",25,"2015",2.28416833088865
"737","Кабардино-Балкарская Республика",83,"2015",2.49123780194699
"738","Калининградская область",27,"2015",2.30678688425684
"739","Калужская область",29,"2015",2.49902200467714
"740","Камчатский край",30,"2015",2.220561114246
"741","Карачаево-Черкесская Республика",91,"2015",2.46003038976229
"742","Кемеровская область - Кузбасс",32,"2015",2.18282493322688
"743","Кировская область",33,"2015",2.33922002525368
"744","Костромская область",34,"2015",2.36074028431315
"745","Краснодарский край",3,"2015",2.31236736738909
"746","Красноярский край",4,"2015",2.03969567857001
"747","Курганская область",37,"2015",2.40609657840098
"748","Курская область",38,"2015",2.46726609628007
"749","Ленинградская область",41,"2015",2.4042797815005
"750","Липецкая область",42,"2015",2.30299458257405
"751","Магаданская область",44,"2015",2.62446651806459
"752","Московская область",46,"2015",2.32395662596654
"753","Мурманская область",47,"2015",2.29693379999287
"754","Нижегородская область",22,"2015",2.42687797851939
"755","Новгородская область",49,"2015",2.24787948986549
"756","Новосибирская область",50,"2015",2.10432722596345
"757","Омская область",52,"2015",2.14147196619125
"758","Оренбургская область",53,"2015",2.15955357771232
"759","Орловская область",54,"2015",2.32299618485655
"760","Пензенская область",56,"2015",2.28315910143794
"761","Пермский край",57,"2015",2.44057956579828
"762","Приморский край",5,"2015",2.1728468647059
"763","Псковская область",58,"2015",2.32319038792533
"764","Республика Адыгея (Адыгея)",79,"2015",2.32138130063476
"765","Республика Алтай",84,"2015",2.25569454919199
"766","Республика Башкортостан",80,"2015",2.21835530227153
"767","Республика Бурятия",81,"2015",2.21969561097518
"768","Республика Дагестан",82,"2015",2.53623322492071
"769","Республика Ингушетия",26,"2015",2.21097536729761
"770","Республика Калмыкия",85,"2015",2.46929126002145
"771","Республика Карелия",86,"2015",2.28106804855524
"772","Республика Коми",87,"2015",2.26068514651524
"773","Республика Марий Эл",88,"2015",2.34916190486433
"774","Республика Мордовия",89,"2015",2.25196284790309
"775","Республика Саха (Якутия)",98,"2015",2.04634932949475
"776","Республика Северная Осетия-Алания",90,"2015",2.28342878561511
"777","Республика Татарстан (Татарстан)",92,"2015",2.1134250304925
"778","Республика Тыва",93,"2015",2.2051574711843
"779","Республика Хакасия",95,"2015",2.21544133654488
"780","Ростовская область",60,"2015",2.32873311030845
"781","Рязанская область",61,"2015",2.49639713834181
"782","Самарская область",36,"2015",2.18550957272515
"783","Саратовская область",63,"2015",2.15619397404677
"784","Сахалинская область",64,"2015",2.21992692265348
"785","Свердловская область",65,"2015",2.38856934754484
"786","Смоленская область",66,"2015",2.50517763955237
"787","Ставропольский край",7,"2015",2.28047413100624
"788","Тамбовская область",68,"2015",2.31476854014731
"789","Тверская область",28,"2015",2.32449677883479
"790","Томская область",69,"2015",2.22011059835416
"791","Тульская область",70,"2015",2.50540796744175
"792","Тюменская область",71,"2015",2.05188456091658
"793","Удмуртская Республика",94,"2015",2.3401526224201
"794","Ульяновская область",73,"2015",2.36417157515502
"795","Хабаровский край",8,"2015",2.26575383639556
"796","Челябинская область",75,"2015",2.22198505314804
"797","Чеченская Республика",96,"2015",2.69443242391902
"798","Чувашская Республика - Чувашия",97,"2015",2.23472533850999
"799","Чукотский автономный округ",77,"2015",1.90671751817216
"800","Ярославская область",78,"2015",2.49160155548276
"801","Алтайский край",1,"2016",2.43070910594638
"802","Амурская область",10,"2016",2.43582672816162
"803","Архангельская область",11,"2016",2.43358003431291
"804","Астраханская область",12,"2016",2.39360180575816
"805","Белгородская область",14,"2016",2.31943334510045
"806","Брянская область",15,"2016",2.67703775033065
"807","Владимирская область",17,"2016",2.50158103061415
"808","Волгоградская область",18,"2016",2.37039425659833
"809","Вологодская область",19,"2016",2.38449477014375
"810","Воронежская область",20,"2016",2.50677630973943
"811","Город Москва столица Российской Федерации город федерального значения",45,"2016",2.43279664729209
"812","Город Санкт-Петербург город федерального значения",40,"2016",2.48482421383231
"813","Еврейская автономная область",99,"2016",2.62766108636954
"814","Забайкальский край",76,"2016",2.49158815172846
"815","Ивановская область",24,"2016",2.65819344984101
"816","Иркутская область",25,"2016",2.43606552489275
"817","Кабардино-Балкарская Республика",83,"2016",2.64395067920634
"818","Калининградская область",27,"2016",2.41497518912848
"819","Калужская область",29,"2016",2.64071655234234
"820","Камчатский край",30,"2016",2.3460228172009
"821","Карачаево-Черкесская Республика",91,"2016",2.59311803384843
"822","Кемеровская область - Кузбасс",32,"2016",2.28170690270206
"823","Кировская область",33,"2016",2.44588845840525
"824","Костромская область",34,"2016",2.50427329359939
"825","Краснодарский край",3,"2016",2.45064693595896
"826","Красноярский край",4,"2016",2.13535740589494
"827","Курганская область",37,"2016",2.54035676747576
"828","Курская область",38,"2016",2.61061425647394
"829","Ленинградская область",41,"2016",2.54180458500233
"830","Липецкая область",42,"2016",2.40985353120549
"831","Магаданская область",44,"2016",2.72078443927756
"832","Московская область",46,"2016",2.46873912376425
"833","Мурманская область",47,"2016",2.42579178617247
"834","Нижегородская область",22,"2016",2.55695863816803
"835","Новгородская область",49,"2016",2.36499401128748
"836","Новосибирская область",50,"2016",2.19733848935103
"837","Омская область",52,"2016",2.23740991027662
"838","Оренбургская область",53,"2016",2.23600177436334
"839","Орловская область",54,"2016",2.46864804564706
"840","Пензенская область",56,"2016",2.37813852005776
"841","Пермский край",57,"2016",2.57212680439481
"842","Приморский край",5,"2016",2.27822993764414
"843","Псковская область",58,"2016",2.44144077867073
"844","Республика Адыгея (Адыгея)",79,"2016",2.44302168078802
"845","Республика Алтай",84,"2016",2.34050866424161
"846","Республика Башкортостан",80,"2016",2.32794205420375
"847","Республика Бурятия",81,"2016",2.31358873531943
"848","Республика Дагестан",82,"2016",2.6485883567847
"849","Республика Ингушетия",26,"2016",2.26846072684735
"850","Республика Калмыкия",85,"2016",2.6016452715586
"851","Республика Карелия",86,"2016",2.38006640186253
"852","Республика Коми",87,"2016",2.36897196503332
"853","Республика Марий Эл",88,"2016",2.47554681534603
"854","Республика Мордовия",89,"2016",2.33731223983861
"855","Республика Саха (Якутия)",98,"2016",2.16872101939854
"856","Республика Северная Осетия-Алания",90,"2016",2.39394673883889
"857","Республика Татарстан (Татарстан)",92,"2016",2.19648263419086
"858","Республика Тыва",93,"2016",2.30042027393946
"859","Республика Хакасия",95,"2016",2.31336384362016
"860","Ростовская область",60,"2016",2.44912861211139
"861","Рязанская область",61,"2016",2.63469753980594
"862","Самарская область",36,"2016",2.29893751954958
"863","Саратовская область",63,"2016",2.24093239722681
"864","Сахалинская область",64,"2016",2.32559544417179
"865","Свердловская область",65,"2016",2.52662865583293
"866","Смоленская область",66,"2016",2.62267047084738
"867","Ставропольский край",7,"2016",2.409092871995
"868","Тамбовская область",68,"2016",2.43583093479701
"869","Тверская область",28,"2016",2.43537527518521
"870","Томская область",69,"2016",2.33711042688742
"871","Тульская область",70,"2016",2.64621189521198
"872","Тюменская область",71,"2016",2.19305421870764
"873","Удмуртская Республика",94,"2016",2.42744031523637
"874","Ульяновская область",73,"2016",2.49372817747351
"875","Хабаровский край",8,"2016",2.40328509426477
"876","Челябинская область",75,"2016",2.32997352673103
"877","Чеченская Республика",96,"2016",2.83589012617477
"878","Чувашская Республика - Чувашия",97,"2016",2.3254551872535
"879","Чукотский автономный округ",77,"2016",2.01883250824068
"880","Ярославская область",78,"2016",2.63461948476747
"881","Алтайский край",1,"2017",2.47421879894282
"882","Амурская область",10,"2017",2.47747936521318
"883","Архангельская область",11,"2017",2.47178724085162
"884","Астраханская область",12,"2017",2.44458552422081
"885","Белгородская область",14,"2017",2.355152618615
"886","Брянская область",15,"2017",2.75065628846474
"887","Владимирская область",17,"2017",2.55886723621521
"888","Волгоградская область",18,"2017",2.42728371875669
"889","Вологодская область",19,"2017",2.43695365508691
"890","Воронежская область",20,"2017",2.54437795438552
"891","Город Москва столица Российской Федерации город федерального значения",45,"2017",2.52572947921865
"892","Город Санкт-Петербург город федерального значения",40,"2017",2.57552029763719
"893","Еврейская автономная область",99,"2017",2.69335261352877
"894","Забайкальский край",76,"2017",2.55437617315202
"895","Ивановская область",24,"2017",2.73634433726633
"896","Иркутская область",25,"2017",2.5006212613024
"897","Кабардино-Балкарская Республика",83,"2017",2.70952065605066
"898","Калининградская область",27,"2017",2.48283599194299
"899","Калужская область",29,"2017",2.72944462850104
"900","Камчатский край",30,"2017",2.3950546940804
"901","Карачаево-Черкесская Республика",91,"2017",2.64186865288478
"902","Кемеровская область - Кузбасс",32,"2017",2.32871006489773
"903","Кировская область",33,"2017",2.49505081641919
"904","Костромская область",34,"2017",2.55711346009434
"905","Краснодарский край",3,"2017",2.50554142732444
"906","Красноярский край",4,"2017",2.16973666012985
"907","Курганская область",37,"2017",2.60284954395566
"908","Курская область",38,"2017",2.66569821728554
"909","Ленинградская область",41,"2017",2.61043330879739
"910","Липецкая область",42,"2017",2.46479819171697
"911","Магаданская область",44,"2017",2.80512875689516
"912","Московская область",46,"2017",2.54773877572471
"913","Мурманская область",47,"2017",2.50123391072243
"914","Нижегородская область",22,"2017",2.63648005181506
"915","Новгородская область",49,"2017",2.42175386755838
"916","Новосибирская область",50,"2017",2.23095776823811
"917","Омская область",52,"2017",2.26895739001152
"918","Оренбургская область",53,"2017",2.27915660860855
"919","Орловская область",54,"2017",2.51900846577826
"920","Пензенская область",56,"2017",2.41499966711865
"921","Пермский край",57,"2017",2.60890821769766
"922","Приморский край",5,"2017",2.3187824305342
"923","Псковская область",58,"2017",2.5010119336703
"924","Республика Адыгея (Адыгея)",79,"2017",2.48504165369758
"925","Республика Алтай",84,"2017",2.37748870113663
"926","Республика Башкортостан",80,"2017",2.36495633286559
"927","Республика Бурятия",81,"2017",2.36124866326701
"928","Республика Дагестан",82,"2017",2.67825254638069
"929","Республика Ингушетия",26,"2017",2.3598796941393
"930","Республика Калмыкия",85,"2017",2.68749956552003
"931","Республика Карелия",86,"2017",2.4464702544745
"932","Республика Коми",87,"2017",2.4246428062116
"933","Республика Марий Эл",88,"2017",2.53694037636661
"934","Республика Мордовия",89,"2017",2.36372386814879
"935","Республика Саха (Якутия)",98,"2017",2.26501223265983
"936","Республика Северная Осетия-Алания",90,"2017",2.44828932981053
"937","Республика Татарстан (Татарстан)",92,"2017",2.24458560387964
"938","Республика Тыва",93,"2017",2.36184149525365
"939","Республика Хакасия",95,"2017",2.36009379326129
"940","Ростовская область",60,"2017",2.48855958276639
"941","Рязанская область",61,"2017",2.72111561911158
"942","Самарская область",36,"2017",2.33365147609478
"943","Саратовская область",63,"2017",2.26871995895242
"944","Сахалинская область",64,"2017",2.3758283057659
"945","Свердловская область",65,"2017",2.582972474858
"946","Смоленская область",66,"2017",2.68430322691229
"947","Ставропольский край",7,"2017",2.47799292813405
"948","Тамбовская область",68,"2017",2.48430397039947
"949","Тверская область",28,"2017",2.48408278068891
"950","Томская область",69,"2017",2.40301694092565
"951","Тульская область",70,"2017",2.71474878329797
"952","Тюменская область",71,"2017",2.25182807176901
"953","Удмуртская Республика",94,"2017",2.4616672236812
"954","Ульяновская область",73,"2017",2.5563207547281
"955","Хабаровский край",8,"2017",2.46456886416852
"956","Челябинская область",75,"2017",2.38402891255119
"957","Чеченская Республика",96,"2017",2.89374228474873
"958","Чувашская Республика - Чувашия",97,"2017",2.35684883228142
"959","Чукотский автономный округ",77,"2017",2.07596546822389
"960","Ярославская область",78,"2017",2.70522728695924
"961","Алтайский край",1,"2018",2.57541434781959
"962","Амурская область",10,"2018",2.59045242426691
"963","Архангельская область",11,"2018",2.56571515600399
"964","Астраханская область",12,"2018",2.54212448663722
"965","Белгородская область",14,"2018",2.45760175752475
"966","Брянская область",15,"2018",2.88406311845528
"967","Владимирская область",17,"2018",2.69116067232754
"968","Волгоградская область",18,"2018",2.53238510377886
"969","Вологодская область",19,"2018",2.5319948476353
"970","Воронежская область",20,"2018",2.66218265367357
"971","Город Москва столица Российской Федерации город федерального значения",45,"2018",2.63307298208544
"972","Город Санкт-Петербург город федерального значения",40,"2018",2.67648069330456
"973","Еврейская автономная область",99,"2018",2.81670816322839
"974","Забайкальский край",76,"2018",2.6565512200781
"975","Ивановская область",24,"2018",2.87644516733437
"976","Иркутская область",25,"2018",2.62490213798913
"977","Кабардино-Балкарская Республика",83,"2018",2.80354102281562
"978","Калининградская область",27,"2018",2.60250868675464
"979","Калужская область",29,"2018",2.85554497033779
"980","Камчатский край",30,"2018",2.47720507008736
"981","Карачаево-Черкесская Республика",91,"2018",2.74067454050267
"982","Кемеровская область - Кузбасс",32,"2018",2.43606359888951
"983","Кировская область",33,"2018",2.60233800152522
"984","Костромская область",34,"2018",2.67371783387464
"985","Краснодарский край",3,"2018",2.6125280462712
"986","Красноярский край",4,"2018",2.26281836284942
"987","Курганская область",37,"2018",2.71633378407213
"988","Курская область",38,"2018",2.818442725136
"989","Ленинградская область",41,"2018",2.71432855448753
"990","Липецкая область",42,"2018",2.59420009678212
"991","Магаданская область",44,"2018",2.93696980846923
"992","Московская область",46,"2018",2.68276893083812
"993","Мурманская область",47,"2018",2.61203857296744
"994","Нижегородская область",22,"2018",2.76039461425036
"995","Новгородская область",49,"2018",2.54090415784225
"996","Новосибирская область",50,"2018",2.30971057745691
"997","Омская область",52,"2018",2.35721983248296
"998","Оренбургская область",53,"2018",2.376704511457
"999","Орловская область",54,"2018",2.61951690356281
"1000","Пензенская область",56,"2018",2.51522215330408
"1001","Пермский край",57,"2018",2.70804672997017
"1002","Приморский край",5,"2018",2.41663504910275
"1003","Псковская область",58,"2018",2.62256111364667
"1004","Республика Адыгея (Адыгея)",79,"2018",2.58966190731824
"1005","Республика Алтай",84,"2018",2.44596037572936
"1006","Республика Башкортостан",80,"2018",2.46593996827895
"1007","Республика Бурятия",81,"2018",2.47907497156403
"1008","Республика Дагестан",82,"2018",2.75297579242471
"1009","Республика Ингушетия",26,"2018",2.40518938426677
"1010","Республика Калмыкия",85,"2018",2.80306204683739
"1011","Республика Карелия",86,"2018",2.5516684754169
"1012","Республика Коми",87,"2018",2.54829958932839
"1013","Республика Марий Эл",88,"2018",2.67266668650222
"1014","Республика Мордовия",89,"2018",2.44503596921311
"1015","Республика Саха (Якутия)",98,"2018",2.32684706661144
"1016","Республика Северная Осетия-Алания",90,"2018",2.53153116702409
"1017","Республика Татарстан (Татарстан)",92,"2018",2.32830864690435
"1018","Республика Тыва",93,"2018",2.45041055132566
"1019","Республика Хакасия",95,"2018",2.48187463299357
"1020","Ростовская область",60,"2018",2.6002959080326
"1021","Рязанская область",61,"2018",2.88438255625827
"1022","Самарская область",36,"2018",2.437498966781
"1023","Саратовская область",63,"2018",2.36491368521201
"1024","Сахалинская область",64,"2018",2.4428266639885
"1025","Свердловская область",65,"2018",2.68267521238752
"1026","Смоленская область",66,"2018",2.81583408503099
"1027","Ставропольский край",7,"2018",2.58851141272883
"1028","Тамбовская область",68,"2018",2.60851916891944
"1029","Тверская область",28,"2018",2.5943760561515
"1030","Томская область",69,"2018",2.51091240157321
"1031","Тульская область",70,"2018",2.8426134509913
"1032","Тюменская область",71,"2018",2.30519639706993
"1033","Удмуртская Республика",94,"2018",2.55397974456925
"1034","Ульяновская область",73,"2018",2.67161082076634
"1035","Хабаровский край",8,"2018",2.5621657911896
"1036","Челябинская область",75,"2018",2.46699311870797
"1037","Чеченская Республика",96,"2018",2.99589138740036
"1038","Чувашская Республика - Чувашия",97,"2018",2.46785641228187
"1039","Чукотский автономный округ",77,"2018",2.17768777616686
"1040","Ярославская область",78,"2018",2.84184126495068
"1041","Алтайский край",1,"2019",2.65988793842807
"1042","Амурская область",10,"2019",2.71375795966201
"1043","Архангельская область",11,"2019",2.64910089857412
"1044","Астраханская область",12,"2019",2.60771129839246
"1045","Белгородская область",14,"2019",2.52641460673544
"1046","Брянская область",15,"2019",2.98788939071967
"1047","Владимирская область",17,"2019",2.75036620711874
"1048","Волгоградская область",18,"2019",2.60785017987147
"1049","Вологодская область",19,"2019",2.60618229667102
"1050","Воронежская область",20,"2019",2.73033452960761
"1051","Город Москва столица Российской Федерации город федерального значения",45,"2019",2.7212809269853
"1052","Город Санкт-Петербург город федерального значения",40,"2019",2.75543687375705
"1053","Еврейская автономная область",99,"2019",2.94965678853277
"1054","Забайкальский край",76,"2019",2.7588284420511
"1055","Ивановская область",24,"2019",2.9584238546034
"1056","Иркутская область",25,"2019",2.73199814521909
"1057","Кабардино-Балкарская Республика",83,"2019",2.90699168655752
"1058","Калининградская область",27,"2019",2.67433792650907
"1059","Калужская область",29,"2019",2.93150246654877
"1060","Камчатский край",30,"2019",2.53987835836057
"1061","Карачаево-Черкесская Республика",91,"2019",2.8215244394475
"1062","Кемеровская область - Кузбасс",32,"2019",2.53082647288631
"1063","Кировская область",33,"2019",2.67182042616594
"1064","Костромская область",34,"2019",2.77371488086155
"1065","Краснодарский край",3,"2019",2.67940876425574
"1066","Красноярский край",4,"2019",2.34948430614655
"1067","Курганская область",37,"2019",2.80352809854084
"1068","Курская область",38,"2019",2.90947842515789
"1069","Ленинградская область",41,"2019",2.79195835114587
"1070","Липецкая область",42,"2019",2.66891305956944
"1071","Магаданская область",44,"2019",3.01244993254689
"1072","Московская область",46,"2019",2.75278919993299
"1073","Мурманская область",47,"2019",2.7029375153067
"1074","Нижегородская область",22,"2019",2.84375853160073
"1075","Новгородская область",49,"2019",2.60544312345145
"1076","Новосибирская область",50,"2019",2.3773850973764
"1077","Омская область",52,"2019",2.44090113653611
"1078","Оренбургская область",53,"2019",2.43422076063426
"1079","Орловская область",54,"2019",2.70779462321288
"1080","Пензенская область",56,"2019",2.57734814049069
"1081","Пермский край",57,"2019",2.79064215523426
"1082","Приморский край",5,"2019",2.49275905314948
"1083","Псковская область",58,"2019",2.68392904370601
"1084","Республика Адыгея (Адыгея)",79,"2019",2.64663446927925
"1085","Республика Алтай",84,"2019",2.49365660305609
"1086","Республика Башкортостан",80,"2019",2.53671244536855
"1087","Республика Бурятия",81,"2019",2.58146076788963
"1088","Республика Дагестан",82,"2019",2.85731357495761
"1089","Республика Ингушетия",26,"2019",2.48576322863971
"1090","Республика Калмыкия",85,"2019",2.89528278817834
"1091","Республика Карелия",86,"2019",2.62260485903349
"1092","Республика Коми",87,"2019",2.62576789684397
"1093","Республика Марий Эл",88,"2019",2.74055242033938
"1094","Республика Мордовия",89,"2019",2.49344768140353
"1095","Республика Саха (Якутия)",98,"2019",2.42341121987582
"1096","Республика Северная Осетия-Алания",90,"2019",2.57887079984744
"1097","Республика Татарстан (Татарстан)",92,"2019",2.39466544334112
"1098","Республика Тыва",93,"2019",2.53151914057454
"1099","Республика Хакасия",95,"2019",2.56725112036855
"1100","Ростовская область",60,"2019",2.67050389754948
"1101","Рязанская область",61,"2019",2.96774121213414
"1102","Самарская область",36,"2019",2.51111143557778
"1103","Саратовская область",63,"2019",2.42474600144787
"1104","Сахалинская область",64,"2019",2.52905844522729
"1105","Свердловская область",65,"2019",2.78059285763967
"1106","Смоленская область",66,"2019",2.87721926808467
"1107","Ставропольский край",7,"2019",2.66823756424088
"1108","Тамбовская область",68,"2019",2.7136424914269
"1109","Тверская область",28,"2019",2.64989570375314
"1110","Томская область",69,"2019",2.60733143779362
"1111","Тульская область",70,"2019",2.90230833346212
"1112","Тюменская область",71,"2019",2.36259578735697
"1113","Удмуртская Республика",94,"2019",2.61604145236228
"1114","Ульяновская область",73,"2019",2.74882037348648
"1115","Хабаровский край",8,"2019",2.6702891875778
"1116","Челябинская область",75,"2019",2.54248310814044
"1117","Чеченская Республика",96,"2019",3.08486936160615
"1118","Чувашская Республика - Чувашия",97,"2019",2.51721354052751
"1119","Чукотский автономный округ",77,"2019",2.26000437410597
"1120","Ярославская область",78,"2019",2.94983123301881
"1121","Алтайский край",1,"2020",2.80219194313397
"1122","Амурская область",10,"2020",2.90860578116574
"1123","Архангельская область",11,"2020",2.77148936008824
"1124","Астраханская область",12,"2020",2.73470683862417
"1125","Белгородская область",14,"2020",2.65071420538682
"1126","Брянская область",15,"2020",3.14415600585431
"1127","Владимирская область",17,"2020",2.90548686120024
"1128","Волгоградская область",18,"2020",2.73641719373913
"1129","Вологодская область",19,"2020",2.74378872193525
"1130","Воронежская область",20,"2020",2.91954671250942
"1131","Город Москва столица Российской Федерации город федерального значения",45,"2020",2.82414534602535
"1132","Город Санкт-Петербург город федерального значения",40,"2020",2.88549349419838
"1133","Еврейская автономная область",99,"2020",3.12840598991786
"1134","Забайкальский край",76,"2020",2.90504634947981
"1135","Ивановская область",24,"2020",3.12971659578494
"1136","Иркутская область",25,"2020",2.87105685081074
"1137","Кабардино-Балкарская Республика",83,"2020",3.06367853846297
"1138","Калининградская область",27,"2020",2.81179889593164
"1139","Калужская область",29,"2020",3.09918440763536
"1140","Камчатский край",30,"2020",2.62445630769397
"1141","Карачаево-Черкесская Республика",91,"2020",2.96767940541088
"1142","Кемеровская область - Кузбасс",32,"2020",2.64673832534451
"1143","Кировская область",33,"2020",2.81262536262489
"1144","Костромская область",34,"2020",2.91850279764253
"1145","Краснодарский край",3,"2020",2.8152547886035
"1146","Красноярский край",4,"2020",2.45967512010483
"1147","Курганская область",37,"2020",2.96921660916461
"1148","Курская область",38,"2020",3.0773553302895
"1149","Ленинградская область",41,"2020",2.90531186020239
"1150","Липецкая область",42,"2020",2.832784321427
"1151","Магаданская область",44,"2020",3.16307242917424
"1152","Московская область",46,"2020",2.88217029232984
"1153","Мурманская область",47,"2020",2.81348765968275
"1154","Нижегородская область",22,"2020",3.00784339887409
"1155","Новгородская область",49,"2020",2.75056630542769
"1156","Новосибирская область",50,"2020",2.48151456464148
"1157","Омская область",52,"2020",2.55952893177176
"1158","Оренбургская область",53,"2020",2.55081993506864
"1159","Орловская область",54,"2020",2.84914150254459
"1160","Пензенская область",56,"2020",2.73508184668872
"1161","Пермский край",57,"2020",2.9162210522198
"1162","Приморский край",5,"2020",2.61764628171227
"1163","Псковская область",58,"2020",2.81570995975197
"1164","Республика Адыгея (Адыгея)",79,"2020",2.7988159512628
"1165","Республика Алтай",84,"2020",2.59739271774322
"1166","Республика Башкортостан",80,"2020",2.66405541012606
"1167","Республика Бурятия",81,"2020",2.73583212180943
"1168","Республика Дагестан",82,"2020",3.06532600321452
"1169","Республика Ингушетия",26,"2020",2.63043464854654
"1170","Республика Калмыкия",85,"2020",3.07884371694885
"1171","Республика Карелия",86,"2020",2.78153471349092
"1172","Республика Коми",87,"2020",2.79985630840473
"1173","Республика Марий Эл",88,"2020",2.88141681474482
"1174","Республика Мордовия",89,"2020",2.60590217183483
"1175","Республика Саха (Якутия)",98,"2020",2.51913596306091
"1176","Республика Северная Осетия-Алания",90,"2020",2.70910377523973
"1177","Республика Татарстан (Татарстан)",92,"2020",2.50913045153283
"1178","Республика Тыва",93,"2020",2.65986716100167
"1179","Республика Хакасия",95,"2020",2.7215429127027
"1180","Ростовская область",60,"2020",2.80883599944254
"1181","Рязанская область",61,"2020",3.1461024589834
"1182","Самарская область",36,"2020",2.65072923139591
"1183","Саратовская область",63,"2020",2.58696150894473
"1184","Сахалинская область",64,"2020",2.65551136748865
"1185","Свердловская область",65,"2020",2.89848999480359
"1186","Смоленская область",66,"2020",3.03287683048805
"1187","Ставропольский край",7,"2020",2.82059392915903
"1188","Тамбовская область",68,"2020",2.86777738493995
"1189","Тверская область",28,"2020",2.78689531163718
"1190","Томская область",69,"2020",2.71892522333119
"1191","Тульская область",70,"2020",3.07934914180331
"1192","Тюменская область",71,"2020",2.44835801443803
"1193","Удмуртская Республика",94,"2020",2.75076758715894
"1194","Ульяновская область",73,"2020",2.90605289884991
"1195","Хабаровский край",8,"2020",2.80113335776911
"1196","Челябинская область",75,"2020",2.65842033787164
"1197","Чеченская Республика",96,"2020",3.2403467774311
"1198","Чувашская Республика - Чувашия",97,"2020",2.64836036598899
"1199","Чукотский автономный округ",77,"2020",2.3031704576514
"1200","Ярославская область",78,"2020",3.11236693395815
"1201","Алтайский край",1,"2021",3.08801552133363
"1202","Амурская область",10,"2021",3.09097536364483
"1203","Архангельская область",11,"2021",3.02840642376842
"1204","Астраханская область",12,"2021",2.96688344922336
"1205","Белгородская область",14,"2021",2.89272441233864
"1206","Брянская область",15,"2021",3.43530485199642
"1207","Владимирская область",17,"2021",3.17162945768618
"1208","Волгоградская область",18,"2021",2.94985773485078
"1209","Вологодская область",19,"2021",2.99923545194742
"1210","Воронежская область",20,"2021",3.19048064743029
"1211","Город Москва столица Российской Федерации город федерального значения",45,"2021",3.02353000745474
"1212","Город Санкт-Петербург город федерального значения",40,"2021",3.13508868144654
"1213","Еврейская автономная область",99,"2021",3.39275629606592
"1214","Забайкальский край",76,"2021",3.17724919242607
"1215","Ивановская область",24,"2021",3.44081042540596
"1216","Иркутская область",25,"2021",3.12571959347766
"1217","Кабардино-Балкарская Республика",83,"2021",3.31398107505539
"1218","Калининградская область",27,"2021",3.07863861115555
"1219","Калужская область",29,"2021",3.37377214615186
"1220","Камчатский край",30,"2021",2.8000324346787
"1221","Карачаево-Черкесская Республика",91,"2021",3.19114566463832
"1222","Кемеровская область - Кузбасс",32,"2021",2.88917955594606
"1223","Кировская область",33,"2021",3.07251194613143
"1224","Костромская область",34,"2021",3.16628368516238
"1225","Краснодарский край",3,"2021",3.07566585654933
"1226","Красноярский край",4,"2021",2.6820297509623
"1227","Курганская область",37,"2021",3.23674302565034
"1228","Курская область",38,"2021",3.37893615265788
"1229","Ленинградская область",41,"2021",3.1365746842745
"1230","Липецкая область",42,"2021",3.09056769467686
"1231","Магаданская область",44,"2021",3.43446404359738
"1232","Московская область",46,"2021",3.16347011286124
"1233","Мурманская область",47,"2021",3.015214724882
"1234","Нижегородская область",22,"2021",3.25027557682334
"1235","Новгородская область",49,"2021",2.95465832529043
"1236","Новосибирская область",50,"2021",2.71006205604497
"1237","Омская область",52,"2021",2.79961274557195
"1238","Оренбургская область",53,"2021",2.76891503951701
"1239","Орловская область",54,"2021",3.10784355097564
"1240","Пензенская область",56,"2021",2.96182013177922
"1241","Пермский край",57,"2021",3.17459823744647
"1242","Приморский край",5,"2021",2.81030504804629
"1243","Псковская область",58,"2021",3.04265618250798
"1244","Республика Адыгея (Адыгея)",79,"2021",3.04791057092519
"1245","Республика Алтай",84,"2021",2.81323605258768
"1246","Республика Башкортостан",80,"2021",2.89609463634803
"1247","Республика Бурятия",81,"2021",2.99354750768387
"1248","Республика Дагестан",82,"2021",3.42764753679448
"1249","Республика Ингушетия",26,"2021",2.86401724533747
"1250","Республика Калмыкия",85,"2021",3.43291074439797
"1251","Республика Карелия",86,"2021",3.04188636267367
"1252","Республика Коми",87,"2021",3.00844560338088
"1253","Республика Марий Эл",88,"2021",3.10472661788755
"1254","Республика Мордовия",89,"2021",2.80838077058639
"1255","Республика Саха (Якутия)",98,"2021",2.67481856557808
"1256","Республика Северная Осетия-Алания",90,"2021",2.95779950180674
"1257","Республика Татарстан (Татарстан)",92,"2021",2.72642114863557
"1258","Республика Тыва",93,"2021",2.867868772992
"1259","Республика Хакасия",95,"2021",2.99968459838091
"1260","Ростовская область",60,"2021",3.04955324459476
"1261","Рязанская область",61,"2021",3.43554388520987
"1262","Самарская область",36,"2021",2.88452354960503
"1263","Саратовская область",63,"2021",2.81280324867561
"1264","Сахалинская область",64,"2021",2.82015307227295
"1265","Свердловская область",65,"2021",3.13355753338216
"1266","Смоленская область",66,"2021",3.27944971680672
"1267","Ставропольский край",7,"2021",3.07444738278335
"1268","Тамбовская область",68,"2021",3.151687346049
"1269","Тверская область",28,"2021",3.04106016405849
"1270","Томская область",69,"2021",2.92202893751403
"1271","Тульская область",70,"2021",3.34725251714019
"1272","Тюменская область",71,"2021",2.59623883851009
"1273","Удмуртская Республика",94,"2021",2.99035944400048
"1274","Ульяновская область",73,"2021",3.16062313278916
"1275","Хабаровский край",8,"2021",2.9759240792939
"1276","Челябинская область",75,"2021",2.83547113237389
"1277","Чеченская Республика",96,"2021",3.4875852365491
"1278","Чувашская Республика - Чувашия",97,"2021",2.88300509441562
"1279","Чукотский автономный округ",77,"2021",2.43583307601212
"1280","Ярославская область",78,"2021",3.40212829550965
